What If?: The World's Foremost Military Historians Imagine What Might Have Been,Robert Cowley,2000,Berkley Publishing Group,history
PLEADING GUILTY,Scott Turow,1993,Audioworks,science
Under the Black Flag: The Romance and the Reality of Life Among the Pirates,David Cordingly,1996,Random House,signal_processing
Where You'll Find Me: And Other Stories,Ann Beattie,2002,Scribner,psychology
Nights Below Station Street,David Adams Richards,1988,Emblem Editions,data_science
Hitler's Secret Bankers: The Myth of Swiss Neutrality During the Holocaust,Adam Lebor,2000,Citadel Press,fiction
The Middle Stories,Sheila Heti,2004,House of Anansi Press,mathematics
A Second Chicken Soup for the Woman's Soul (Chicken Soup for the Soul Series),Jack Canfield,1998,Health Communications,history
The Witchfinder (Amos Walker Mystery Series),Loren D. Estleman,1998,Brilliance Audio - Trade,fiction
More Cunning Than Man: A Social History of Rats and Man,Robert Hendrickson,1999,Kensington Publishing Corp.,data_science
Goodbye to the Buttermilk Sky,Julia Oliver,1994,River City Pub,data_science
Beloved (Plume Contemporary Fiction),Toni Morrison,1994,Plume,science
Our Dumb Century: The Onion Presents 100 Years of Headlines from America's Finest News Source,The Onion,1999,Three Rivers Press,computer_science
New Vegetarian: Bold and Beautiful Recipes for Every Occasion,Celia Brooks Brown,2001,Ryland Peters &amp; Small Ltd,mathematics
If I'd Known Then What I Know Now: Why Not Learn from the Mistakes of Others? : You Can't Afford to Make Them All Yourself,J. R. Parrish,2003,Cypress House,data_science
Mary-Kate &amp; Ashley Switching Goals (Mary-Kate and Ashley Starring in),Mary-Kate &amp; Ashley Olsen,2000,HarperEntertainment,data_science
Tell Me This Isn't Happening,Robynn Clairday,1999,Scholastic,data_science
Flood : Mississippi 1927,Kathleen Duey,1998,Aladdin,computer_science
Wild Animus,Rich Shapero,2004,Too Far,nonfiction
Timeline,MICHAEL CRICHTON,2000,Ballantine Books,fiction
OUT OF THE SILENT PLANET,C.S. Lewis,1996,Scribner,fiction
Prague : A Novel,ARTHUR PHILLIPS,2003,Random House Trade Paperbacks,economics
Chocolate Jesus,Stephan Jaramillo,1998,Berkley Publishing Group,fiction
Wie Barney es sieht.,Mordecai Richler,2002,L�?¼bbe,nonfiction
Der Fluch der Kaiserin. Ein Richter- Di- Roman.,Eleanor Cooney,2001,Goldmann,science
Sturmzeit. Roman.,Charlotte Link,1991,Goldmann,science
Tage der Unschuld.,Richard North Patterson,2000,Goldmann,fiction
Lying Awake,Mark Salzman,2000,Alfred A. Knopf,fiction
To Kill a Mockingbird,Harper Lee,1988,Little Brown &amp; Company,fiction
Seabiscuit: An American Legend,LAURA HILLENBRAND,2002,Ballantine Books,nonfiction
Pigs in Heaven,Barbara Kingsolver,1993,Harpercollins,philosophy
Miss Zukas and the Raven's Dance,Jo Dereske,1996,Avon,fiction
Pride and Prejudice,Jane Austen,1983,Bantam,nonfiction
The Therapeutic Touch: How to Use Your Hands to Help or to Heal,Dolores Krieger,1979,Fireside,fiction
Downtown,Anne Rivers Siddons,1995,HarperTorch,economics
Icebound,Dean R. Koontz,2000,Bantam Books,science
I'll Be Seeing You,Mary Higgins Clark,1994,Pocket,philosophy
From the Corner of His Eye,Dean Koontz,2001,Bantam Books,fiction
Isle of Dogs,Patricia Cornwell,2002,Berkley Publishing Group,fiction
Purity in Death,J.D. Robb,2002,Berkley Publishing Group,nonfiction
This Year It Will Be Different: And Other Stories,Maeve Binchy,1997,Dell,fiction
Proxies,Laura J. Mixon,1999,Tor Books,fiction
Left Behind: A Novel of the Earth's Last Days (Left Behind #1),Tim Lahaye,2000,Tyndale House Publishers,fiction
The Street Lawyer,JOHN GRISHAM,1999,Dell,fiction
Love,billy smith,2011,dell,nonfiction
All the King's Men,Robert Penn Warren,1982,Harvest Books,nonfiction
Pacific Northwest,Hans Johannes Hoefer,1985,Chambers Harrap Publishers Ltd,data_science
A Soldier of the Great War,Mark Helprin,1992,Avon Books,economics
Getting Well Again,O. Carol Simonton Md,1992,Bantam,economics
Northwest Wines and Wineries,Chuck Hill,1993,Speed Graphics,data_science
An Atmosphere of Eternity: Stories of India,David Iglehart,2002,Sunflower Press,computer_science
LONESOME DOVE,Larry McMurtry,1986,Pocket,data_science
Shabanu: Daughter of the Wind (Border Trilogy),SUZANNE FISHER STAPLES,1991,Laurel Leaf,computer_science
Haveli (Laurel Leaf Books),SUZANNE FISHER STAPLES,1995,Laurel Leaf,computer_science
Lieux dits,Michel Tournier,2002,Gallimard,fiction
The Dragons of Eden: Speculations on the Evolution of Human Intelligence,Carl Sagan,1978,Ballantine Books,fiction
The yawning heights,Aleksandr Zinoviev,1980,Random House,fiction
Breathing Lessons,Anne Tyler,1994,Berkley Publishing Group,nonfiction
The Joy Luck Club,Amy Tan,1994,Prentice Hall (K-12),fiction
Heart of Darkness (Wordsworth Collection),Joseph Conrad,1998,NTC/Contemporary Publishing Company,nonfiction
The Angel Is Near,Deepak Chopra,2000,St. Martin's Press,fiction
Tess of the D'Urbervilles (Wordsworth Classics),Thomas Hardy,1997,NTC/Contemporary Publishing Company,history
The Adventures of Drew and Ellie: The Magical Dress,Charles Noland,2003,1stBooks Library,fiction
The Accidental Virgin,Valerie Frankel,2003,Avon Trade,history
The Tao of Pooh,Benjamin Hoff,1983,Penguin Books,nonfiction
Seabiscuit,LAURA HILLENBRAND,2003,Ballantine Books,history
The Prince,Niccolo Machiavelli,1952,Signet Book,economics
Life's Little Instruction Book (Life's Little Instruction Books (Paperback)),H. Jackson Brown,1991,Thomas Nelson,nonfiction
Starship Troopers,Robert A. Heinlein,1987,Ace Books,nonfiction
Love,billy smith,2011,dell,nonfiction
Black Beauty (Illustrated Classics),Anna Sewell,1995,Landoll,fiction
Anil's Ghost,MICHAEL ONDAATJE,2000,Knopf,nonfiction
Prescription for Terror,Sandra Levy Ceren,1999,Andrew Scott Publishers,nonfiction
Modern Manners: An Etiquette Book for Rude People,P.J. O'Rourke,1990,Atlantic Monthly Press,history
Turning Thirty,Mike Gayle,2000,Hodder &amp; Stoughton General Division,history
Decipher,Stel Pavlou,2002,Simon &amp; Schuster (Trade Division),fiction
Love,billy smith,2011,dell,history
Standing Firm: A Vice-Presidential Memoir,Dan Quayle,1994,Harpercollins,fiction
Team Bush : Leadership Lessons from the Bush White House,Donald F. Kettl,2003,McGraw-Hill,history
The Right Man : The Surprise Presidency of George W. Bush,DAVID FRUM,2003,Random House,fiction
Daybreakers Louis Lamour Collection,Louis Lamour,1981,Bantam Doubleday Dell,philosophy
The Catcher in the Rye,J.D. Salinger,1991,Little,philosophy
El Senor De Los Anillos: LA Comunidad Del Anillo (Lord of the Rings (Spanish)),J. R. R. Tolkien,2001,Minotauro,nonfiction
El Senor De Los Anillos: Las DOS Torres (Lord of the Rings (Paperback)),J. R. R. Tolkien,2001,Minotauro,fiction
Love,billy smith,2011,dell,science
Midnight in the Garden of Good and Evil: A Savannah Story,John Berendt,1994,Random House,economics
Pretend You Don't See Her,Mary Higgins Clark,1998,Pocket,science
Fast Women,Jennifer Crusie,2001,St. Martin's Press,fiction
Female Intelligence,Jane Heller,2001,St. Martin's Press,fiction
Pasquale's Nose: Idle Days in an Italian Town,Michael Rips,2002,Back Bay Books,economics
The Gospel of Judas: A Novel,Simon Mawer,2002,Back Bay Books,fiction
Love,billy smith,2011,dell,nonfiction
Love,billy smith,2011,dell,philosophy
The Pillars of the Earth,Ken Follett,1996,Signet Book,history
McDonald's: Behind the Arches,John F. Love,1995,Bantam,fiction
Creating Wealth : Retire in Ten Years Using Allen's Seven Principles of Wealth!,Robert G. Allen,1986,Fireside,nonfiction
Corelli's Mandolin : A Novel,LOUIS DE BERNIERES,1995,Vintage,fiction
Love,billy smith,2011,dell,fiction
The Five People You Meet in Heaven,Mitch Albom,2003,Hyperion,fiction
Tu Nombre Escrito En El Agua (La Sonrisa Vertical),Irene Gonzalez Frei,2002,Tusquets,philosophy
Relics (Star Trek: The Next Generation),Michael Jan Friedman,1992,Star Trek,history
Bless The Beasts And Children : Bless The Beasts And Children,Glendon Swarthout,1995,Pocket,fiction
Love,billy smith,2011,dell,science
Blood Oath,David Morrell,1994,St. Martin's Press,philosophy
The Alibi,Sandra Brown,2000,Warner Books,fiction
The Beach House,James Patterson,2003,Warner Books,economics
A Kiss Remembered,Sandra Brown,2003,Warner Books,history
The Short Forever,Stuart Woods,2003,Signet Book,nonfiction
Dead Aim,IRIS JOHANSEN,2004,Bantam Books,nonfiction
Angels &amp; Demons,Dan Brown,2001,Pocket Star,nonfiction
The Deal,Joe Hutsko,2000,Tor Books (Mm),fiction
All He Ever Wanted: A Novel,Anita Shreve,2004,Back Bay Books,fiction
The Mosquito Coast,Paul Theroux,1990,Harper Mass Market Paperbacks (Mm),history
Love,billy smith,2011,dell,nonfiction
Love,billy smith,2011,dell,philosophy
The Girl Who Loved Tom Gordon,Stephen King,2000,Pocket,fiction
Bringing Down the House: The Inside Story of Six M.I.T. Students Who Took Vegas for Millions,Ben Mezrich,2003,Free Press,history
Love,billy smith,2011,dell,nonfiction
The Sum of All Fears,Tom Clancy,2002,Berkley Publishing Group,fiction
Care Packages : Letters to Christopher Reeve from Strangers and Other Friends,DANA REEVE,1999,Random House,fiction
O Deus Das Pequenas Coisas,Roy,1998,Edicoes Asa,philosophy
Lady in Green/Minor Indiscretions (Signet Regency Romance),Barbara Metzger,2002,Signet Book,history
One Hundred Years of Solitude,Gabriel Garcia Marquez,1998,Perennial,fiction
Little Altars Everywhere: A Novel,Rebecca Wells,1996,Perennial,fiction
Coyote Waits (Joe Leaphorn/Jim Chee Novels),Tony Hillerman,1992,HarperTorch,science
Before I Say Good-Bye,Mary Higgins Clark,2001,Pocket,data_science
Slow Waltz in Cedar Bend,Robert James Waller,1994,Warner Books,history
Twenty Minute Retreats: Revive Your Spirits in Just Minutes a Day (A Pan Self-discovery Title),Rachel Harris,2001,Pan Macmillan,science
Atonement : A Novel,IAN MCEWAN,2003,Anchor,history
Next: The Future Just Happened,Michael Lewis,2001,W.W. Norton &amp; Company,comic
The Angelic Darkness,Richard Zimler,1999,Arcadia Books,comic
The Soulbane Stratagem,Norman Jetmundsen,2000,John Hunt Publishing,comic
Gangster,Lorenzo Carcaterra,2002,Fawcett Books,comic
Hush,Anne Frasier,2002,Onyx Books,comic
Temor y Temblor,Soren Kierkegaard,2001,Alianza,science
Estudios sobre el amor,Jose Ortega Y Gaset,2001,Downtown Book Center,comic
Rebecca,Daphne Du Maurier,1994,Avon,comic
Scarlet Letter,Nathaniel Hawthorne,1993,Signet Book,comic
Keep It Simple: And Get More Out of Life,Nick Page,1999,Trafalgar Square,comic
Diary of a Mad Mom-To-Be,Laura Wolf,2003,Delta,comic
Locked in Time (Laurel Leaf Books),LOIS DUNCAN,1986,Laure Leaf,comic
Contact,Susan Grant,2002,Love Spell,comic
The Brimstone Wedding,Barbara Vine,1997,Penguin Books Ltd,nonfiction
The Catswold Portal,Shirley Rousseau Murphy,1993,Roc,science
Through Wolf's Eyes (Wolf),Jane Lindskold,2002,Tor Fantasy,economics
Puerto Vallarta Squeeze,Robert James Waller,1995,Warner Books,data_science
Tree Grows In Brooklyn,Betty Smith,1988,Harpercollins Publisher,computer_science
Snow Angels,Stewart O'Nan,1995,Penguin Books,computer_science
Wish You Well,David Baldacci,2000,Warner Books,data_science
The Hitchhiker's Guide to the Galaxy,Douglas Adams,1982,Pocket,fiction
Crow Lake (Today Show Book Club #7),Mary Lawson,2003,Delta,nonfiction
My Antonia,Willa Cather,1995,Mariner Books,data_science
Pen Pals,Olivia Goldsmith,2002,Signet Book,history
Bridget Jones's Diary,Helen Fielding,1997,Picador (UK),history
Pride and Prejudice (Dover Thrift Editions),Jane Austen,1995,Dover Publications,history
EYE ON CRIME: HARDY BOYS #153,Franklin W. Dixon,1998,Aladdin,history
Skin And Bones,Franklin W. Dixon,2000,Aladdin,history
The Cat Who Came to Breakfast (Cat Who... (Hardcover)),Lilian Jackson Braun,1994,Putnam Pub Group,history
Always Daddy's Girl: Understanding Your Father's Impact on Who You Are,H. Norman Wright,1989,Regal Books,nonfiction
Night Mare (Xanth Novels (Paperback)),Piers Anthony,1990,Del Rey Books,fiction
The Martian Chronicles,RAY BRADBURY,1984,Spectra,fiction
Kabale Und Liebe,Schiller,0,Philipp Reclam,fiction
Der illustrierte Mann. Erz�?¤hlungen.,Ray Bradbury,2002,Diogenes,fiction
Der K�?¶nig in Gelb.,Raymond Chandler,1980,Diogenes Verlag,computer_science
Fahrenheit 451,Ray Bradbury,1994,Distribooks Inc,computer_science
Die Mars- Chroniken. Roman in Erz�?¤hlungen.,Ray Bradbury,1981,Diogenes Verlag,computer_science
Das B�?¶se kommt auf leisen Sohlen.,Ray Bradbury,2003,Diogenes,data_science
L�?¶wenzahnwein. Roman.,Ray Bradbury,1999,Diogenes Verlag,fiction
Das Kind von morgen. Erz�?¤hlungen.,Ray Bradbury,2000,Diogenes Verlag,philosophy
Die Mechanismen der Freude. Erz�?¤hlungen.,Ray Bradbury,2000,Diogenes Verlag,philosophy
Familientreffen. Erz�?¤hlungen.,Ray Bradbury,2000,Diogenes Verlag,philosophy
Der Tod kommt schnell in Mexico. Erz�?¤hlungen.,Ray Bradbury,1988,Diogenes Verlag,data_science
Veronika Deschliesst Zu Sterben / Vernika Decides to Die,Paolo Coelho,2002,Distribooks,science
Die Liebe in Den Zelten,Gabriel Garcia Marquez,0,Deutscher Taschenbuch Verlag (DTV),mathematics
Die Klone der Joanna May. Roman.,Fay Weldon,1993,Dtv,science
Ist mein Hintern wirklich so dick? Tagebuch einer empfindsamen Frau.,Arabella Weir,1998,Dtv,philosophy
Haifischfrauen.,Kiana Davenport,1996,Droemersche Verlagsanstalt Th. Knaur Nachf.,philosophy
Die Cappuccino- Jahre. Aus dem Tagebuch des Adrian Mole.,Sue Townsend,2002,Heyne,philosophy
Schwarzer Tee mit drei Stück Zucker,Renan Demirkan,1991,Kiepenheuer &amp; Witsch,philosophy
Quersch�?¼sse - Downsize This!,Michael Moore,2003,Piper,nonfiction
Die Korrekturen.,Jonathan Franzen,2002,Rowohlt,nonfiction
Neun Erz�?¤hlungen.,Jerome D. Salinger,1968,Rowohlt Tb.,history
Eine ganz normale Aff�?¤re.,Joanna Trollope,2002,Ullstein Tb,history
Das Buch der l�?¤cherlichen Liebe.,Milan Kundera,2000,Fischer (Tb.),nonfiction
The God of Small Things,Arundhati Roy,1998,Perennial,fiction
The James Dean Affair: A Neil Gulliver &amp; Stevie Marriner Novel,Robert S. Levinson,2000,St Martins Pr,fiction
The Big Bad Wolf: A Novel,James Patterson,2003,Little,fiction
Four Blind Mice,James Patterson,2002,Little,fiction
Private Screening,Richard North Patterson,1994,Ballantine Books,fiction
Congo,Michael Crichton,1995,Ballantine Books,philosophy
Protect and Defend,Richard North Patterson,2001,Ballantine Books,fiction
The Tall Pine Polka,Lorna Landvik,1999,Ballantine Books,fiction
Memoirs of a Geisha,Arthur Golden,1997,Alfred A. Knopf,fiction
Plainsong (Vintage Contemporaries),KENT HARUF,2000,Vintage,fiction
Body of Evidence (Kay Scarpetta Mysteries (Paperback)),Patricia D. Cornwell,1992,Avon,fiction
All That Remains (Kay Scarpetta Mysteries (Paperback)),Patricia D. Cornwell,1993,Avon,comic
The Case of the Lost Look-Alike (An Avon Camelot Book),Carol J. Farley,1988,Avon Books,nonfiction
Petals on the River,Kathleen E. Woodiwiss,1997,Avon Trade,mathematics
The Elusive Flame,Kathleen E. Woodiwiss,1999,Avon,signal_processing
Legacy of Silence,Belva Plain,1998,Bantam Dell Pub Group,fiction
The Brethren,JOHN GRISHAM,2000,Doubleday,fiction
The King of Torts,John Grisham,2003,Doubleday Books,fiction
The Curious Incident of the Dog in the Night-Time : A Novel,MARK HADDON,2003,Doubleday,fiction
Bleachers,John Grisham,2003,Doubleday,signal_processing
Sisterhood of the Traveling Pants,ANN BRASHARES,2003,Delacorte Books for Young Readers,data_science
Only Love (Magical Love),Erich Segal,1998,Berkley Publishing Group,mathematics
All or Nothing (Wheeler Large Print Books),Elizabeth Adler,2000,Island,economics
Roses Are Red (Alex Cross Novels),James Patterson,2001,Warner Vision,history
The Rescue,Nicholas Sparks,2001,Warner Books,data_science
Manhattan Hunt Club,JOHN SAUL,2002,Ballantine Books,history
Patty Jane's House of Curl (Ballantine Reader's Circle),LORNA LANDVIK,1996,Ballantine Books,science
Pet Sematary,Stephen King,1994,Signet Book,signal_processing
Silent Snow,Steve Thayer,2000,Signet Book,psychology
Girl with a Pearl Earring,Tracy Chevalier,2001,Plume Books,data_science
Summer of Storms,Judith Kelman,2002,Jove Books,fiction
The Patient,Michael Palmer,2001,Bantam Books,mathematics
Clifford's Sports Day,Norman Bridwell,1996,Scholastic,computer_science
Postmortem (Kay Scarpetta Mysteries (Paperback)),Patricia Cornwell,1998,Pocket,history
Deception Point,Dan Brown,2002,Pocket,fiction
Tis : A Memoir,Frank McCourt,1999,Scribner,data_science
Angels &amp; Demons,Dan Brown,2003,Atria,data_science
A Monk Swimming,Malachy McCourt,1998,Hyperion,fiction
Crazy Horse,Mari Sandoz,1961,University of Nebraska Press,science
The Silent Cry (William Monk Novels (Paperback)),Anne Perry,1998,Ivy Books,computer_science
The Kalahari Typing School for Men (No. 1 Ladies' Detective Agency),ALEXANDER MCCALL SMITH,2004,Anchor,mathematics
Chicken Soup for the Soul (Chicken Soup for the Soul),Jack Canfield,1993,Health Communications,data_science
Wicked: The Life and Times of the Wicked Witch of the West,Gregory Maguire,1996,Regan Books,data_science
Life of Pi,Yann Martel,2002,Harcourt,data_science
A Judgement in Stone,Ruth Rendell,2000,Vintage Books USA,computer_science
Lies and the Lying Liars Who Tell Them: A Fair and Balanced Look at the Right,Al Franken,2003,Dutton Books,nonfiction
Secret History,DONNA TARTT,1993,Ballantine Books,fiction
Chicken Soup for the Woman's Soul (Chicken Soup for the Soul Series (Paper)),Jack Canfield,1996,Health Communications,fiction
Great Expectations (Heinemann Guided Readers),John Milne,1995,Delta Systems,fiction
The Weight of Water,Anita Shreve,2001,Little,economics
Moving Pictures (Discworld Novels (Paperback)),Terry Pratchett,2002,HarperTorch,fiction
Night Watch,Terry Pratchett,2002,HarperCollins,nonfiction
Thief of Time,Terry Pratchett,2001,HarperCollins Publishers,science
Charlotte's Web Book and Charm (Charming Classics),E. B. White,2003,HarperFestival,science
Peter Pan: The Original Story (Peter Pan),J. M. Barrie,2003,HarperFestival,fiction
My Friend Flicka,Mary O'Hara,1988,Perennial,fiction
The Last Hero : A Discworld Fable (Discworld Novels (Hardcover)),Terry Pratchett,2001,HarperCollins,fiction
Jingo: A Discworld Novel (Discworld Series/Terry Pratchett),Terry Pratchett,1998,HarperPrism,nonfiction
Interesting Times: A Novel of Discworld,Terry Pratchett,1997,Harpercollins,philosophy
Mansfield Park (Penguin Popular Classics),Jane Austen,1994,Penguin Books Ltd,fiction
The Wind in the Willows,Kenneth Grahame,1996,St. Martin's Press,nonfiction
The Winter King: A Novel of Arthur (The Warlord Chronicles: I),Bernard Cornwell,1997,St. Martin's Griffin,fiction
Moonheart (Newford),Charles de Lint,1994,Orb Books,economics
The King of Elfland's Daughter (Del Rey Impact),Edward John Moreton Drax Plunkett Dunsany,1999,Del Rey Books,science
Powder and Patch,Georgette Heyer,2004,Harlequin,philosophy
The Picture of Dorian Gray (Modern Library (Paperback)),OSCAR WILDE,1998,Modern Library,fiction
The Iron Giant,Ted Hughes,1999,Knopf Books for Young Readers,fiction
James and the Giant Peach,ROALD DAHL,2002,Knopf Books for Young Readers,nonfiction
Martian Chronicles,Ray Bradbury,1997,William Morrow,fiction
The Great God Pan,Donna Jo Napoli,2003,Wendy Lamb Books,fiction
Possession: A Romance,A. S. Byatt,1990,Random House Inc,fiction
Born Confused,Tanuja Desai Hidier,2003,Push,fiction
Confessions of a Shopaholic,SOPHIE KINSELLA,2003,Dell,nonfiction
Making Minty Malone,Isabel Wolff,2000,Onyx Books,nonfiction
Little Women (Signet Classic),Louisa May Alcott,1988,Signet Classics,data_science
Emma (Signet Classics (Paperback)),Jane Austen,1996,Signet Classics,economics
Animal Farm,George Orwell,2004,Signet,economics
Great Expectations (Dover Thrift Editions),Charles Dickens,2001,Dover Publications,data_science
Eva Luna,Isabel Allende,1989,Bantam Books,computer_science
Poisonwood Bible Edition Uk,Barbara Kingsolver,0,Faber Faber Inc,data_science
The Green Man : Tales from the Mythic Forest,Ellen Datlow,2002,Viking Juvenile,computer_science
Nicholas Nickleby (Everyman's Library),Charles Dickens,1993,Alfred A. Knopf,computer_science
Angels &amp; Insects : Two Novellas,A.S. BYATT,1994,Vintage,fiction
Catch 22,Joseph Heller,1996,Simon &amp; Schuster,fiction
The Forsyte Saga : The Man of Property and In Chancery,John Galsworthy,2002,Touchstone,fiction
The Enchanted Wood,Enid Blyton,2002,Egmont Childrens Books,nonfiction
The Folk of the Faraway Tree,Enid Blyton,2002,Egmont Childrens Books,fiction
Angels and Visitations: A Miscellany,Neil Gaiman,1993,Dreamhaven Books,nonfiction
Harlequin Valentine,Neil Gaiman,2002,Dark Horse Comics,fiction
Alpha Teach Yourself American Sign Language in 24 Hours (Alpha Teach Yourself in 24 Hours),Trudy Suggs,2003,Alpha Books,history
A Man in Full,Tom Wolfe,1998,Farrar Straus &amp; Giroux,fiction
The Miracle Life of Edgar Mint: A Novel,Brady Udall,2002,Vintage Books USA,history
October Sky: A Memoir,Homer Hickam,1999,Dell,nonfiction
A Painted House,John Grisham,2001,Dell Publishing Company,history
The Romance Reader,Pearl Abraham,1996,Riverhead Books,economics
Far from the Madding Crowd (Wordsworth Classics),Thomas Hardy,1997,NTC/Contemporary Publishing Company,nonfiction
The Perfect Storm : A True Story of Men Against the Sea,Sebastian Junger,1999,Perennial,nonfiction
The Battle for God,Karen Armstrong,2001,Ballantine Books,nonfiction
Sappho: A New Translation,Mary Barnard,1958,University of California Press,fiction
The Postman (Bantam Classics),David Brin,1990,Spectra Books,nonfiction
The Tortilla Curtain,T. Coraghessan Boyle,1995,Viking Books,nonfiction
Symposium,Paul Woodruff,1989,Hackett Pub Co Inc,history
The What's Happening to My Body? Book for Boys: A Growing Up Guide for Parents and Sons,Lynda Madaras,1987,W W Norton &amp; Co,history
OBJECT AFFECTION,Stephen McCauley,1988,Washington Square Press,fiction
The Journey Home,Isabelle Holland,1993,Scholastic Paperbacks (Mm),history
Taking the Ferry Home,Pam Conrad,1990,Harpercollins Juvenile Books,fiction
Angel of Hope (Mercy Trilogy),Lurlene McDaniel,2000,Starfire,history
The Breach,Brian Kaufman,2002,Last Knight Pub Co,fiction
Neanderthal: A Novel,John Darnton,1997,St. Martin's Press,philosophy
A Small Dark Place,Martin Schenk,1999,Ballantine Books,philosophy
The Rivan Codex : Ancient Texts of THE BELGARIAD and THE MALLOREON,DAVID EDDINGS,1999,Del Rey,nonfiction
Babyhood,Paul Reiser,1998,Avon,fiction
Year's Best Fantasy (Year's Best Fantasy),David G. Hartwell,2001,Eos,science
Dave Barry in Cyberspace,Dave Barry,1997,Ballantine Books,economics
Wolf Moon,John R. Holt,1997,Bantam,science
The War in Heaven (Eternal Warriors),Theodore Beale,2000,Pocket,fiction
Waiting,Frank M. Robinson,2000,Tor Books,fiction
Nowhere To Run,Mary Jane Clark,2004,St. Martin's Paperbacks,economics
Frankenstein (Dover Thrift Editions),Mary Wollstonecraft Shelley,1994,Dover Publications,fiction
El gust amarg de la cervesa (Collecció Clàssica),Isabel-Clara Simó,1999,Columna,nonfiction
Urn Burial,Robert Westall,1987,Viking Children's Books,philosophy
All Our Yesterdays (Large Print),Robert B. Parker,1994,Delacorte Press,history
What Shall I Be (Barbie Carryalong),Rita Chapman Works,1999,Reader's Digest,fiction
ALL THAT REMAINS,Patricia Cornwell,1992,Scribner,nonfiction
Last Chance to See,Douglas Adams,1992,Ballantine Books,fiction
Vinegar Hill (Oprah's Book Club (Paperback)),A. Manette Ansay,1998,Perennial,fiction
Affinity,Sarah Waters,2002,Riverhead Books,fiction
Diario de Ana Frank,Anne Frank,2000,Editores Mexicanos Unidos,philosophy
Desert Notes/River Notes,Barry Lopez,1990,Quill (HarperCollins),history
The Hunt for Red October,Tom Clancy,1990,Berkley Publishing Group,fiction
The Music Box,Andrea Kane,1998,Pocket,science
Liberty Falling (Anna Pigeon Mysteries (Paperback)),Nevada Barr,2000,Avon,philosophy
El Palacio de La Luna,Paul Auster,1996,Anagrama,fiction
Mientras Escribo,Stephen King,2002,Distribooks,economics
Killer Market (Deborah Knott Mysteries (Paperback)),Margaret Maron,1999,Warner Books,history
Remembering Peter Gzowski : A Book of Tributes,EDNA BARKER,2002,Douglas Gibson Books,nonfiction
The Best Canadian Animal Stories: Classic Tales by Master Storytellers,Muriel Whitaker,1997,McClelland &amp; Stewart,nonfiction
Trying to Save Piggy Sneed,John Irving,1996,Arcade Publishing,nonfiction
Seattle Access,HarperReference,1993,Access Press (HarperCollins),fiction
REAL GUIDE: CALIFORNIA AND THE WEST COAST (The Real guides),LTD,1993,John Wiley &amp; Sons Inc,fiction
Bel Canto,Ann Patchett,2001,HarperCollins Publishers,history
James and the Giant Peach,Roald Dahl,2000,Penguin USA (Paper),nonfiction
The Secret Life of Bees,Sue Monk Kidd,2003,Penguin Books,philosophy
What a Wonderful World: A Lifetime of Recordings,Bob Thiele,1995,Oxford University Press,fiction
Digital Fortress : A Thriller,Dan Brown,2003,St. Martin's Press,history
The Ladies of Missalonghi,Colleen McCullough,1988,Avon,nonfiction
Blackberry Wine : A Novel,Joanne Harris,2001,Perennial,fiction
The Firm,John Grisham,1991,Doubleday Books,fiction
How the Irish Saved Civilization: The Untold Story of Ireland's Heroic Role from the Fall of Rome to the Rise of Medieval Europe (Hinges of History),Thomas Cahill,1996,Anchor,philosophy
The Client,John Grisham,1993,Doubleday Books,history
Thieves of Light (Photon : the Ultimate Game on Planet Earth),Michael Hudson,1987,Berkley Publishing Group,fiction
Horse Heaven (Ballantine Reader's Circle),Jane Smiley,2001,Ballantine Books,fiction
Danger,Dick Francis,1985,Fawcett Books,science
Proof,Dick Francis,1990,Fawcett Books,data_science
Heart of the Sea (Irish Trilogy),Nora Roberts,2000,Jove Books,history
Mostly Harmless,Douglas Adams,1992,Random House Inc,science
I Spy: A Book of Picture Riddles,Jean Marzollo,1992,Scholastic,history
I Spy Spooky Night: A Book of Picture Riddles (I Spy Books),Walter Wick,1996,Scholastic,comic
Lake News,Barbara Delinsky,2000,Pocket,comic
The SKULL BENEATH THE SKIN,P. D. James,1982,Scribner,comic
NEW SHOE,Arthur William Upfield,1983,Scribner Paper Fiction,comic
An Accidental Woman,Barbara Delinsky,2003,Pocket Books,comic
The Snow Garden,Christopher Rice,2004,Pocket Star,science
The Doorbell Rang (The Best Mysteries of All Time),Rex Stout,2000,Readers Digest Assn,comic
A Year by the Sea: Thoughts of an Unfinished Woman,Joan Anderson,2000,Broadway Books,comic
Though I walk through the valley,Vance Havner,1974,F. H. Revell,comic
Victorious Christians You Should Know,Warren W. Wiersbe,1984,Baker Book House,comic
Life Lessons: Book Of Hebrews,Max Lucado,1997,W Publishing Group,comic
Inside out,Lawrence J Crabb,1988,NavPress,comic
Son Rise: The Miracle Continues,Barry Neil Kaufman,1994,Pub Group West,comic
Unveiled at Last,Bob Sjogren,1988,YWAM Publishing,nonfiction
The Day I Almost Quit,Frederick J. Moody,1997,F.J. Moody,science
House of Stairs,William Sleator,1991,Puffin Books,economics
The Little Prince,Antoine de Saint-Exupéry,1968,Harcourt,data_science
Jonathan Livingston Seagull,Richard Bach,1976,Avon,computer_science
The Crystal Handbook,Kevin Sullivan,1996,Signet Book,computer_science
Simple Wicca (Simple Wisdom Book),Michele Morgan,2002,Castle Books,data_science
Astral Travel for Beginners (For Beginners),Richard Webster,1998,Llewellyn Publications,fiction
New Perspectives: Runes,Bernard King,2000,Harper Collins - UK,nonfiction
Rosie'S Walk,Pat Hutchins,1971,Aladdin,data_science
Julius Caesar (Oxford School Shakespeare),William Shakespeare,2001,Oxford University Press,history
Moonlight Becomes You,Mary Higgins Clark,1997,Pocket,history
The Adventures of Tom Sawyer,Mark Twain,1989,Tor Books,history
Divine Secrets of the Ya-Ya Sisterhood : A Novel,Rebecca Wells,1996,HarperCollins,history
Lakota Woman,Dog Mary Crow,1991,Perennial,history
The Perfect Storm : A True Story of Men Against the Sea,Sebastian Junger,1998,HarperTorch,history
The Florence King Reader,Florence King,1996,St. Martin's Press,nonfiction
The Lovely Bones: A Novel,Alice Sebold,2002,Little,fiction
Impossible Vacation,Spalding Gray,1992,Random House Inc,fiction
Hannibal,Thomas Harris,2000,Dell Publishing Company,fiction
London : The Novel,EDWARD RUTHERFURD,1998,Fawcett,fiction
Life Before Man,Margaret Atwood,1990,Fawcett Books,computer_science
Cavedweller,Dorothy Allison,1999,Plume Books,computer_science
The Robber Bride,Margaret Atwood,1995,Bantam,computer_science
Wouldn't Take Nothing for My Journey Now,MAYA ANGELOU,1993,Random House,data_science
The House of Mirth (Library of America),Edith Wharton,1990,Vintage Books USA,fiction
Ohitika Woman,Mary Brave Bird,1993,Pub Group West,philosophy
Black Elk Speaks: Being the Life Story of a Holy Man of the Oglala Sioux,John G. Neihardt,1988,University of Nebraska Press,philosophy
The Community in America,Roland Warren,1987,University Press of America,philosophy
Mawrdew Czgowchwz (New York Review Books Classics),James McCourt,2002,New York Review of Books,data_science
Prozac Nation: Young and Depressed in America : A Memoir,Elizabeth Wurtzel,1997,Riverhead Books,science
The Journey From Here,Bill Bradley,2000,Artisan Publishers,mathematics
The Four Agreements: A Practical Guide to Personal Freedom,Don Miguel Ruiz,1997,Amber-Allen Publishing,science
El desarrollo de Leonardo da Vinci (Biografías y memorias),Luis Racionero,1986,Plaza &amp; Janés,philosophy
Gastronomia divina (L'áncora),Eugeni Perea Simón,1994,Destino,philosophy
Desaparecido: LA Autentica Historia De LA Ejecucion De Charles Horman,Thomas Hauser,1982,Lectorum Pubns (J),philosophy
Hotel Europa (El Balancí),Vicenç Villatoro,1992,Edicions 62,philosophy
La dona dels ulls de pluja: Barcelona anys 90 (El Balancí),Víctor Mora,1993,Edicions 62,nonfiction
El paraíso (Tiempos modernos),Elena Castedo,1991,Editiones B,nonfiction
Negra i consentida (Col¨lecció El Mirall),Ofèlia Dracs,1983,Laia,history
Essa efa (Col¨lecció El Mirall i el temps),Ofèlia Dracs,1985,Editorial Laia,history
Espurnes de sang (La Negra),Antoni Serra,1987,Edicions de la Magrana,nonfiction
Les llengües d'Africa (Biblioteca universal Empúries),M. Carme Junyent,1986,Editorial Empúries,fiction
Trànsit (Area contemporània),Jaume Capó,1987,Area,fiction
L'home del sac,Màrius Serra,1990,Columna,fiction
Gràcies per la propina (Columna),Ferran Torrent,1995,Columna,fiction
El dia que es va cremar el Liceu (La primera Columna),Joan Agut,1995,Columna,fiction
Cómo ser una mujer y no morir en el intento (Colección El Papagayo),Carmen Rico-Godoy,1990,Ediciones Temas de Hoy,philosophy
Una casa en Irlanda,Maeve Binchy,1999,Salamandra,fiction
La mirada del tafur (Col¨lecció clàssica),Ferran Torrent,1997,Columna,fiction
Amorrada al piló (Columna),Maria Jaén,1986,Columna,fiction
Blur (Melody Maker),Paul Lester,1995,Hal Leonard Corp,fiction
War and Peace (Wordsworth Classics),Leo Tolstoy,1997,NTC/Contemporary Publishing Company,fiction
A-Z of Behaving Badly,Simon Nye,1996,Trafalgar Square,comic
He Understanding Masculine Psychology,Robert A Johnson,1977,Harpercollins Publisher,nonfiction
Las DOS Muertes De Gardel (Ficcionario),Horacio Vazquez-Rial,2002,Ediciones B,mathematics
You Can Surf the Net: Your Guide to the World of the Internet,Marc Gascoigne,1996,Puffin Books,signal_processing
I Want to Be...a Veterinarian (I Want to Be... Series),Stephanie Maze,1997,Harcourt,fiction
Alice's Tulips,Sandra Dallas,2001,St. Martin's Griffin,fiction
Centaur Aisle,Piers Anthony,1982,Ballantine Books,fiction
Crewel Lye,Piers Anthony,1985,Ballantine Books,signal_processing
Dragonflight (Dragonriders of Pern Trilogy (Paperback)),Anne McCaffrey,1991,Del Rey Books,data_science
Last Sword of Power (Stones of Power),David Gemmell,1997,Del Rey Books,mathematics
Dating Big Bird,Laura Zigman,2000,Dial Books,economics
The Firm,John Grisham,1992,Bantam Dell Publishing Group,history
Murder at the Kennedy Center (Capital Crime Mysteries),Margaret Truman,1990,Fawcett Books,data_science
Forever Amber Brown (Amber Brown (Paperback)),Paula Danziger,1997,Jump at the Sun,history
Philip Jose Farmer's The Dungeon,Richard A. Lupoff,2003,I Books,science
Pool of Radiance: The Ruins of Myth Drannor (Forgotten Realms),Carrie Bebris,2001,Wizards of the Coast,signal_processing
Why Are Boys So Weird (Tales from Third Grade),Candice F. Ransom,1993,Troll Communications Llc,psychology
Sheldon &amp; Mrs. Levine: An Excruciating Correspondence,Sam Bobrick,1994,Price Stern Sloan,data_science
Black Beauty (Great Illustrated Classics (Playmore)),Anna Sewell,2000,Playmore Inc. Publishers,fiction
Oliver Twist (Great Illustrated Classics),Charles Dickens,1989,Playmore Inc. Publishers,mathematics
The wild ponies of Assateague Island (Books for young explorers),Donna K Grosvenor,1975,National Geographic Society,computer_science
Frankenstein (Illustrated Classics Series),Mary Wollstonecraft Shelley,1992,Kidsbooks.Com,history
The Scarlet Letter,NATHANIEL HAWTHORNE,1965,Bantam,fiction
Dragonsong (Harper Hall Trilogy),Anne McCaffrey,1977,Bantam,data_science
The Watch House,Robert Westall,1998,HarperTrophy,data_science
Was It Something I Said?,Valerie Block,1998,Soho Press,fiction
Cloud Nine,Luanne Rice,2000,Bantam Books,science
The Lovely Bones,Alice Sebold,2004,Back Bay Books,computer_science
The Tortilla Curtain,T. Coraghessan Boyle,1996,Penguin Books,mathematics
Sarah Conley,Ellen Gilchrist,1998,Back Bay Books,data_science
A Widow for One Year,JOHN IRVING,1999,Ballantine Books,data_science
The Clearing,TIM GAUTREAUX,2003,Knopf,data_science
Empire Falls,Richard Russo,2002,Vintage Books USA,computer_science
Oryx and Crake,Margaret Atwood,2003,Nan A. Talese,nonfiction
Sophie's World: A Novel About the History of Philosophy (Berkeley Signature Edition),Jostein Gaarder,1997,Berkley Publishing Group,fiction
Black and Blue,ANNA QUINDLEN,1999,Dell,fiction
Le Divorce (William Abrahams Book),Diane Johnson,1997,Plume Books,fiction
The Face,DEAN KOONTZ,2003,Bantam,economics
She's Come Undone (Oprah's Book Club),Wally Lamb,1998,Pocket,fiction
Falling Leaves: The True Story of an Unwanted Chinese Daughter,Adeline Yen Mah,1999,Broadway Books,nonfiction
Solv-A-Crime Puzzles (Dover Game and Puzzle Activity Books),A. C. Gordon,1995,Dover Publications,science
The First Wives Club Movie Tie In,Olivia Goldsmith,1996,Pocket,science
Selected Poems of Emily Dickinson,Emily Dickinson,1995,Tor Books,fiction
Watercolor School (Reader's Digest Learn-As-You-Go Guides),Hazel Harrison,1993,Readers Digest,fiction
Joshua In the Holy Land,Joseph Girzone,1993,Simon Schuster Trade,fiction
The Messenger,JOSEPH GIRZONE,2002,Image,nonfiction
Sisters of the Earth: Women's Prose and Poetry About Nature,Lorraine Anderson,1991,Vintage Books USA,philosophy
Left Behind: A Novel of the Earth's Last Days (Left Behind No. 1),Tim Lahaye,1996,Tyndale House Publishers,fiction
Househusband,AD HUDLER,2002,Ballantine Books,nonfiction
Life Messages: Inspiration For The Woman's Spirit,Josephine Carlton,2002,Andrews McMeel Publishing,fiction
Letters from a Nut,Ted L. Nancy,1999,William Morrow,economics
Karl Marx: A Life,Francis Wheen,2001,W.W. Norton &amp; Company,science
The Shining,Stephen King,2001,Pocket,philosophy
The Diary of Ellen Rimbauer: My Life at Rose Red,Joyce Reardon,2001,Hyperion,fiction
The Sky Is Falling,Sidney Sheldon,2001,Warner Books,fiction
Santa Pete : A Novel Of Christmas Present And Past,Christopher Moore,1998,Simon &amp; Schuster,nonfiction
Mount Vernon Love Story : A Novel of George and Martha Washington,Mary Higgins Clark,2002,Simon &amp; Schuster,fiction
The Kingdom: Arabia and the House of Sa'Ud,Robert Lacey,1983,Harper Mass Market Paperbacks (Mm),fiction
Florida Road Kill: A Novel,Tim Dorsey,2000,HarperTorch,fiction
The 37th Hour,JODI COMPTON,2003,Delacorte Press,fiction
Be Cool,Elmore Leonard,2000,Dell Publishing Company,nonfiction
The Hunted,Elmore Leonard,1986,Warner Books (Mm),nonfiction
The Saints of Big Harbour: A Novel,Lynn Coady,2002,Houghton Mifflin Company,data_science
Old Flames,John Lawton,2003,Atlantic Monthly Press,economics
From the Earth: Chinese Vegetarian Cooking,Eileen Yin-Fei Lo,1995,MacMillan Publishing Company.,economics
Living in the Presence: Disciplines for the Spiritual Heart,Tilden H. Edwards,1988,Harpercollins,data_science
The Bean Trees,Barbara Kingsolver,1989,Perennial,computer_science
Homeland and Other Stories,Barbara Kingsolver,1990,Perennial,data_science
Daughter of Fortune,Isabel Allende,2000,Perennial,computer_science
The Fly on the Wall,Tony Hillerman,1990,HarperTorch,computer_science
Cranford (The World's Classics),Elizabeth Gaskell,1982,Oxford University Press,fiction
The Red Tent (Bestselling Backlist),Anita Diamant,1998,Picador USA,fiction
The Right Hand of Amon,Lauren Haney,1997,Avon,fiction
Last Blue: Poems,Gerald Stern,2000,W.W. Norton &amp; Company,nonfiction
The Cat Who Wasn't There,Lilian Jackson Braun,1992,Putnam Pub Group,fiction
Isle of Dogs,Patricia Daniels Cornwell,2001,Putnam Publishing Group,nonfiction
Light a Penny Candle,Maeve Binchy,2001,Signet Book,fiction
The Blue Last: A Richard Jury Mystery (Richard Jury Mysteries (Paperback)),Martha Grimes,2002,Onyx Books,history
Turn of the Screw and Short N,Henry James,1978,Signet Book,fiction
The Country of the Pointed Firs (Dover Thrift Editions),Sarah Orne Jewett,1994,Dover Publications,history
Early Poems (Dover Thrift Editions),William Carlos Williams,1997,Dover Publications,nonfiction
Barchester Towers (Oxford Pocket Classics),Anthony Trollope,1986,Random House Value Publishing,history
REEF,Edith Wharton,1996,Scribner,economics
Wednesday the Rabbi Got Wet,Harry Kemelman,2003,I Books,nonfiction
Things My Girlfriend and I Have Argued About: A Novel,Mil Millington,2003,Villard Books,nonfiction
Listening Hearts: Discerning Call in Community,Suzanne G. Farnham,1991,Morehouse Group,nonfiction
Unattainable Earth,Czeslaw Milosz,1987,Ecco Press,fiction
Vertical Poetry: Recent Poems,Roberto Juarroz,1992,White Pine Press (NY),nonfiction
Rubinstein's Chess Masterpieces,Akiba Rubinstein,1941,Dover Publications,nonfiction
The Nanny Diaries: A Novel,Emma McLaughlin,2002,St. Martin's Press,history
Biblioteca Universale Rizzoli: Sulla Sponda Del Fiume Piedra,P Coelho,0,Fabbri - RCS Libri,history
I Giorni Dell'abbandono,Elena Ferrante,2002,Edizioni E/O,fiction
The Gizmo,Paul Jennings,1995,Puffin,history
Organic Chemistry (Saunders Golden Sunburst Series),Stephen J. Weininger,1994,Saunders College Publishing,fiction
Secrets of St. John's Wort: A Lynn Sonberg Book,Larry Katzenstein,1998,St. Martin's Press,history
Diet for a Poisoned Planet: How to Choose Safe Foods for You and Your Family,David Steinman,1992,Ballantine Books,fiction
Montessori Today: A Comprehensive Approach to Education from Birth to Adulthood,Paula Polk Lillard,1996,Schocken Books,philosophy
Oil Painting Techniques (Artist's Painting Library),David Lewis,1983,Watson-Guptill Publications,philosophy
Going down swinging,Billie Livingston,1999,Random House Canada,nonfiction
Confessions of a Sociopathic Social Climber : The Katya Livingston Chronicles (Katya Livingston Chronicles (Hardcover)),Adele Lang,2002,Thomas Dunne Books,fiction
Like a Hole in the Head,Jen Banbury,1998,Little Brown &amp; Co,science
Postmortem,Patricia Daniels Cornwell,1993,Harper Mass Market Paperbacks (Mm),economics
The Cove,Catherine Coulter,1996,Jove Books,science
An Inconvenient Woman,Dominick Dunne,1991,Bantam Books,fiction
Shock Wave (Dirk Pitt Adventures (Paperback)),Clive Cussler,1996,Pocket,fiction
While My Pretty One Sleeps,Mary Higgins Clark,1990,Pocket,economics
Antipodes 10,John Pascal,1995,Noble House,fiction
Kick Ass: Selected Columns of Carl Hiaasen,Carl Hiaasen,2001,Berkley Publishing Group,nonfiction
Everything Is Illuminated: A Novel,Jonathan Safran Foer,2002,Houghton Mifflin Company,philosophy
Life of Pi,Yann Martel,2003,Harvest Books,history
Rules of the Wild,Francesca Marciano,1998,Random House Inc,fiction
Three Junes,JULIA GLASS,2003,Anchor,nonfiction
Back Roads,Tawni O'Dell,2001,Signet Book,fiction
In Her Shoes : A Novel,Jennifer Weiner,2002,Atria Books,fiction
The Kiss,Danielle Steel,2001,Delacorte Press,fiction
Home Spun: A Collection,Leon Hale,1997,Winedale Publishing,philosophy
Sweet Hereafter Movie Tie-In : A Novel,Russell Banks,1992,Perennial,history
The Rime of the Ancient Mariner and Other Poems,Samuel Taylor Coleridge,1992,Dover Publications,fiction
11th Hour,Bradley Warshauer,2003,Pinnacle Books,science
In Country RI,Bobbie Ann Mason,1986,Perennial,philosophy
Brazen Virtue,Nora Roberts,1996,Bantam Books,fiction
Ghost Moon,Karen Robards,2001,Dell Publishing Company,economics
Brewing Up a Storm: A John Thatcher Mystery,Emma Lathen,1996,St Martins Pr,history
Strangers,Dean R. Koontz,2002,Berkley Publishing Group,nonfiction
Milk and Honey (Peter Decker/Rina Lazarus Novels),Faye Kellerman,2002,Avon,nonfiction
The Deep End of the Ocean (Oprah's Book Club),Jacquelyn Mitchard,1999,Penguin Books,nonfiction
Night Tales,Nora Roberts,2000,Silhouette,fiction
A Thousand Acres (Ballantine Reader's Circle),JANE SMILEY,1992,Ballantine Books,fiction
Chopping Spree,DIANE MOTT DAVIDSON,2002,Bantam,history
Four Blondes,Candace Bushnell,2001,Grove Press,nonfiction
River's End,Nora Roberts,2003,Jove Books,philosophy
Summer Island,KRISTIN HANNAH,2002,Ballantine Books,fiction
The Straw Men,Michael Marshall,2002,Jove Books,history
The Doctor the Patient: The Personal Journey of a Physician With Cancer,Allen Widome,1989,Editech Pr,nonfiction
The Street Lawyer,John Grisham,1998,Doubleday Books,fiction
The Chamber,John Grisham,1994,Doubleday Books,fiction
Warlock : A Novel of Ancient Egypt,Wilbur Smith,2002,St. Martin's Paperbacks,philosophy
The Teacher from the Black Lagoon,Mike Thaler,1989,Scholastic,history
The Partner,John Grisham,1997,Doubleday Books,fiction
Primal Scream,Michael Slade,1998,Signet Book,fiction
Chosen Prey,John Sandford,2004,Berkley Publishing Group,science
Guilty as Sin,TAMI HOAG,1997,Bantam,data_science
Night Sins,TAMI HOAG,1995,Bantam,history
The Second Time Around : A Novel,Mary Higgins Clark,2004,Pocket,science
Three,Ted Dekker,2003,WestBow Press,history
The Canopy,Angela Elwell Hunt,2003,WestBow Press,comic
Blink,Ted Dekker,2003,WestBow Press,comic
Last Battle,C. S. Lewis,1988,Scholastic Paperbacks (Mm),comic
Prince Caspian,C. S. Lewis,1970,MacMillan Publishing Company.,comic
Robert's Rules of Order,William Eisner,1986,Bantam Books,comic
Abduction,Robin Cook,2000,Berkley Publishing Group,science
And Never Let Her Go : Thomas Capano: The Deadly Seducer,Ann Rule,2000,Pocket,comic
Not a Day Goes By : A Novel,E. LYNN HARRIS,2001,Anchor,comic
Sun Signs,Linda Goodman,1981,Bantam Doubleday Dell,comic
The Mummy or Ramses the Damned,Anne Rice,1991,Ballantine Books,comic
HIS LITTLE WOMEN : HIS LITTLE WOMEN,Judith Rossner,1991,Pocket,comic
Her Mother's Daughter,Marilyn French,1990,Ballantine Books,comic
Your Erroneous Zones,Wayne W. Dyer,1976,Harpercollins,comic
The Night Listener,Armistead Maupin,2000,HarperCollins Publishers,nonfiction
Organizing from the Inside Out,Julie Morgenstern,1998,Henry Holt &amp; Company,science
The Hellfire Club,Peter Straub,1996,Random House Inc,economics
Vanished,Danielle Steel,1993,Delacorte Press,data_science
The Women in His Life (G K Hall Large Print Book Series),Barbara Taylor Bradford,1991,Thorndike Pr,computer_science
The Morning After,Lisa Jackson,2004,Zebra Books,computer_science
Missing Susan,SHARYN MCCRUMB,1992,Ballantine Books,data_science
Hiding in the Shadows (Shadows Trilogy (Paperback)),Kay Hooper,2000,Bantam Books,fiction
Kitchen Privileges : A Memoir,Mary Higgins Clark,2002,Simon &amp; Schuster,nonfiction
We Are Our Mothers' Daughters,Cokie Roberts,2000,Perennial,data_science
Horus's Horrible Day (First Graders from Mars),Shana Corey,2001,Scholastic,history
My Garden (Beginning Literacy),Jesse S. Ostrow,1994,Scholastic,history
101 Dalmatians,Justine Korman,1996,Golden Books Publishing Company,history
In the Dinosaur's Paw (Kids of the Polk Street School),PATRICIA REILLY GIFF,1987,Yearling,history
Ralph S. Mouse,Beverly Cleary,2000,Scholastic,history
How Do Dinosaurs Learn to Read,Jane Yolen,2003,Scholastic,history
My First Book about Space (Golden Look-Look Books (Paperback)),Dinah L. Moche,1997,Golden Books,nonfiction
You Be the Jury #02,Marvin Miller,1989,Scholastic,fiction
Comic Characters,Craig Boldman,1983,Golden Books,fiction
The Time Machine (Troll Illustrated Classics),H. G. Wells,1992,Troll Communications Llc,fiction
I Like School (in My World Series),Bobbie Kalman,1985,Crabtree Publishing Company,fiction
Sacred Ground,Mercedes Lackey,1995,Tor Books,computer_science
Burning Water (Burning Water),Mercedes Lackey,1992,Tor Books,computer_science
The Tightrope Walker,Dorothy Gilman,1997,Fawcett Books,computer_science
MoveOn's 50 Ways to Love Your Country: How to Find Your Political Voice and Become a Catalyst for Change,Moveon,2004,Inner Ocean Publishing,data_science
Children of the Night,Mercedes Lackey,1990,Tor Books,fiction
Rainbow the Stormy Life of Judy Garland,Christopher Finch,0,Ballantine Books,philosophy
Cold Mountain (MTI) (Vintage Contemporaries),CHARLES FRAZIER,2003,Vintage,philosophy
A Fountain Filled With Blood (A Rev. Clare Ferguson Mystery),Julia Spencer-Fleming,2004,St. Martin's Paperbacks,philosophy
Out of the Deep I Cry : A Clare Fergusson/Russ Van Alstyne Mystery,Julia Spencer-Fleming,2004,St. Martin's Minotaur,data_science
Daisy Fay and the Miracle Man,Fannie Flagg,1992,Warner Books,science
Little House On the Prairie,Laura Ingall Wilder,0,Scholastic Inc,mathematics
Angela's Ashes: A Memoir,Frank McCourt,1999,Scribner,science
The Next Accident,LISA GARDNER,2002,Bantam,philosophy
Socks (Cleary Reissue),Beverly Cleary,1990,HarperTrophy,philosophy
In the Bleak Midwinter (A Rev. Clare Ferguson Mystery),Julia Spencer-Fleming,2003,St. Martin's Minotaur,philosophy
Passing for Thin : Losing Half My Weight and Finding My Self,FRANCES KUFFEL,2004,Broadway,philosophy
Bloodlines (Dog Lover's Mysteries),Susan Conant,1994,Bantam Books,nonfiction
Kissing in Manhattan,DAVID SCHICKLER,2002,Delta,nonfiction
Echoes,Maeve Binchy,1989,Dell,history
Someone to Watch Over Me : A Novel,Judith McNaught,2003,Pocket,history
The Toynbee Convector,Ray Bradbury,1989,Spectra Books,nonfiction
One for the Money (Stephanie Plum Novels (Paperback)),Janet Evanovich,1995,HarperTorch,fiction
The Bell Jar : A Novel (Perennial Classics),Sylvia Plath,2000,Perennial,fiction
A polar bear called Pingo,Ilona Koidahl,1974,Childrens Press,fiction
Dark Lady,Richard North Patterson,1999,Alfred A. Knopf,fiction
The Future Scrolls,Fern Michaels,2003,Zebra Books,fiction
About Face,Fern Michaels,2003,Zebra Books,philosophy
Tarot Says Beware (A Herculeah Jones Mystery),Betsy Byars,1995,Viking Books,fiction
Globalhead,Bruce Sterling,1994,Spectra Books,fiction
Along Came a Spider (Alex Cross Novels),James Patterson,1993,Warner Books,fiction
Simple Abundance:  A Daybook of Comfort and Joy,Sarah Ban Breathnach,1995,Warner Books,fiction
The River King,Alice Hoffman,2001,Berkley Publishing Group,fiction
Final Appeal,Lisa Scottoline,1994,HarperTorch,comic
Who Moved My Cheese? An Amazing Way to Deal with Change in Your Work and in Your Life,Spencer Johnson,1998,Putnam Pub Group (Paper),nonfiction
Atonement,Ian McEwan,2002,Nan A. Talese,mathematics
Why Do Clocks Run Clockwise? and Other Imponderables: Mysteries of Everyday Life Explained,David Feldman,1987,Harpercollins,signal_processing
Someone to Watch Over Me : Stories,Richard Bausch,2000,Perennial,fiction
Stately Pursuits,Katie Fforde,1999,Griffin Trade Paperback,fiction
The Pinball Effect: How Renaissance Water Gardens Made the Carburetor Possible-And Other Journeys Through Knowledge (Pinball Effect),James Burke,1996,Little Brown &amp; Co,Genre
Women on the Case,Sara Paretsky,1996,Bantam Dell Pub Group,signal_processing
New Cardiff,Charles Webb,2002,Washington Square Press,data_science
Almost: A Novel,Elizabeth Benedict,2002,Mariner Books,mathematics
A Tally of Types: With Additions by Several Hands ; And With a New Introduction by Mike Parker,Stanley Morison,1999,David R. Godine Publisher,economics
Stand Still Like the Hummingbird,Henry Miller,1962,New Directions Publishing Corporation,history
Crossing the Unknown Sea: Work As a Pilgrimage of Identity,David Whyte,2002,Riverhead Books,data_science
The Future of Leadership: Today's Top Leadership Thinkers Speak to Tomorrow's Leaders,Warren  Bennis,2001,Jossey-Bass,history
No Future Without Forgiveness,Desmond Mpilo Tutu,2000,Image,science
On the Road (Penguin 20th Century Classics),Jack Kerouac,1998,Penguin USA (Paper),signal_processing
I And Thou,Martin Buber,1971,Free Press,psychology
The Prince (Dover Thrift Editions),Niccolò Machiavelli,1992,Dover Publications,data_science
Becoming a Man : Half a Life Story,Paul Monette,1993,HarperSanFrancisco,fiction
OLD MAN AND THE SEA,Ernest Hemingway,1995,Scribner,mathematics
Diary of a Teenage Girl - Becoming Me : Diary Number 1 (Diary of a Teenage Girl),Melody Carlson,2000,Multnomah,computer_science
The Dominant Blonde,Alisa Kwitney,2002,Avon Trade,history
Where the Heart Is (Oprah's Book Club (Paperback)),Billie Letts,1998,Warner Books,fiction
The Girls' Guide to Hunting and Fishing,Melissa Bank,2000,Penguin Books,data_science
Rena's Promise: A Story of Sisters in Auschwitz,Rena Kornreich Gelissen,1996,Beacon Press,data_science
America the Beautiful: A Novel,Moon Unit Zappa,2001,Touchstone,fiction
Easy Travel to Other Planets,Ted Mooney,1982,Ballantine Books,science
The Mist and the Magic (Harper Monogram),Susan Wiggs,1993,Harper Mass Market Paperbacks,computer_science
Icy Sparks,Gwyn Hyman Rubio,2001,Penguin Books,mathematics
The True and Outstanding Adventures of the Hunt Sisters: A Novel,Elisabeth Robinson,2004,Little,data_science
The Time Traveler's Wife,Audrey Niffenegger,2003,MacAdam/Cage Publishing,data_science
Strange Fits of Passion: A Novel,Anita Shreve,1999,Harvest Books,data_science
The Monk Downstairs: A Novel,Tim Farrington,2002,HarperSanFrancisco,computer_science
Lost in Place: Growing Up Absurd in Suburbia,Mark Salzman,1996,Vintage Books USA,nonfiction
My Name Is Asher Lev,Chaim Potok,1996,Ballantine Books,fiction
Waking the Dead,Scott Spencer,2000,Berkley Publishing Group,fiction
Davita's Harp,Chaim Potok,1990,Fawcett Books,fiction
The Book of Lights,Chaim Potok,1997,Fawcett Books,economics
The Mimic Men,V. S. Naipaul,1992,Penguin USA,fiction
The Mystic Masseur,V.S. Naipaul,1993,Penguin USA,nonfiction
Regain,Jean Giono,1987,LGF,science
Le Grand Meaulnes (Classiques De Poche),Alain-Fournier,2000,Distribooks Inc,science
A l'Ouest rien de nouveau,Erich Maria Remarque,1973,LGF,fiction
Pourquoi j'ai mang�?© mon p�?¨re,Lewis,2000,Pocket,fiction
Ravage,Rene Barjavel,0,Gallimard French,fiction
Voyage d'une parisienne �?  Lhassa,Alexandra David-N�?©el,1989,Pocket,nonfiction
Les Fleurs Du Mal,C. Baudelaire,1972,Livre De Poche French,philosophy
Chroniques martiennes,Ray Bradbury,2002,Gallimard,fiction
Le Diable Au Corps,Raymond Radiguet,0,Presses Pocket French,nonfiction
La Faute de l'abb�?© Mouret,Emile Zola,1991,Gallimard,fiction
L'Homme Qui Plantait Des Arbres,Jean Giono,2002,Distribooks Inc,economics
La Guerre Des Boutons,Pergaud,0,Livre de Poche,science
Paroles de Poilus : Lettres et carnets du front 1914-1918,Collectif,2001,J'ai lu,philosophy
Une porte sur l'�?©t�?©,Robert A. Heinlein,1999,J'ai lu,fiction
Die Entdeckung der Langsamkeit.,Sten Nadolny,1987,Piper,fiction
Die Grenzen des Geschlechts: Anleitungen zum Sturz des internationalen Patriarchats : Amnesty for Women (Rororo Sachbuch),Cheryl Benard,1984,Rowohlt,nonfiction
Frauen der Welt: Vom Fortschritt der Ungleichheit,Christa Wichterich,1995,Lamuv,fiction
I Ging. Das Buch der Wandlung. Das gro�?�?e Weisheits- und Orakelbuch der alten Chinesen.,John. Blofeld,1999,O. W. Barth Bei Scherz,fiction
African Women: Their Struggle for Economic Independence,Christine Obbo,1980,Palgrave-Macmillan,fiction
Die globalisierte Frau: Berichte aus der Zukunft der Ungleichheit (Frauen aktuell),Christa Wichterich,1998,Rowohlt,fiction
Sense and Sensibility (Penguin Popular Classics),Jane Austen,1994,Penguin Books Ltd,nonfiction
Der gemietete Mann.,Hera Lind,1999,Fischer (Tb.),nonfiction
Der Gott der kleinen Dinge.,Arundhati Roy,1999,btb,data_science
The Da Vinci Code,Dan Brown,2003,Doubleday,economics
The Rescue,Nicholas Sparks,2000,Warner Books,economics
A Map of the World,Jane Hamilton,1999,Doubleday Books,data_science
Edge of Danger,Jack Higgins,2001,Putnam Publishing Group,computer_science
Bridget Jones : The Edge of Reason,Helen Fielding,2000,Viking Books,data_science
Vinegar Hill (Oprah's Book Club (Hardcover)),A. Manette Ansay,1999,HarperCollins,computer_science
The Pilot's Wife : A Novel Tag: Author of the Weight of Water (Oprah's Book Club (Hardcover)),Anita Shreve,1999,Little,computer_science
Saving Private Ryan: A Novel,Max Allan Collins,1998,Signet Book,fiction
Big Trouble,Dave Barry,2002,Berkley Publishing Group,fiction
Snow Falling on Cedars,David Guterson,1994,Harcourt,fiction
Skipping Christmas,JOHN GRISHAM,2001,Doubleday,nonfiction
The Reader,Bernhard Schlink,1997,Random House,fiction
Cheaters,Eric Jerome Dickey,1999,Dutton Books,nonfiction
Angel Falls,KRISTIN HANNAH,2000,Crown,fiction
The Saving Graces : A Novel,Patricia Gaffney,1999,HarperCollins,history
Daddy's Little Girl,Mary Higgins Clark,2002,Simon &amp; Schuster,fiction
The Vineyard : A Novel,Barbara Delinsky,2000,Simon &amp; Schuster,history
The Looking Glass : A Novel (The Locket Series),Richard Paul Evans,1999,Simon &amp; Schuster,nonfiction
If Only It Were True,Marc Levy,2000,Atria,history
The Cider House Rules: A Novel (Modern Library),John Irving,1999,Modern Library,economics
Lolita (Everyman's Library (Cloth)),VLADIMIR NABOKOV,1993,Everyman's Library,nonfiction
Message in a Bottle,Nicholas Sparks,1998,Warner Books,nonfiction
Blackbird: A Childhood Lost and Found,Jennifer Lauck,2000,Atria,nonfiction
Protect and Defend,Richard North Patterson,2000,Random House Inc,fiction
Blue Heaven (Contemporary American Fiction S.),Joe Keenan,1988,Penguin Books,nonfiction
Julie and Romeo,Jeanne Ray,2000,Harmony,nonfiction
The Guardian,Nicholas Sparks,2003,Warner Books,history
Nights in Rodanthe,Nicholas Sparks,2002,Warner Books,history
Man and Boy,Tony Parsons,2001,Sourcebooks Landmark,fiction
One Heart,Jane McCafferty,1999,HarperCollins Publishers,history
All of Me: A Voluptuous Tale,Venise T. Berry,2000,Dutton Books,fiction
The Perfect Storm: A True Story of Men Against the Sea,Sebastian Junger,1997,Little Brown and Company,history
The Villa,Nora Roberts,2001,Putnam Publishing Group,fiction
In This Mountain,Jan Karon,2002,Viking Books,philosophy
Suzanne's Diary for Nicholas,James Patterson,2001,Little,philosophy
He Sees You When You're Sleeping : A Novel,Mary Higgins Clark,2001,Scribner,nonfiction
2nd Chance,James Patterson,2002,Little,fiction
The Carousel : A Novel,Richard Paul Evans,2000,Simon &amp; Schuster,science
The Promise Remains,Travis Thrasher,2000,Tyndale House Publishers,economics
You Cannot Be Serious,John McEnroe,2002,Putnam Publishing Group,science
LAKE NEWS : A Novel,Barbara Delinsky,1999,Simon &amp; Schuster,fiction
Liar's Game,Eric Jerome Dickey,2000,Dutton Books,fiction
Out of the Blue,Sally Mandel,2000,Ballantine Books,economics
Voice of the Eagle,Linda Lay Shuler,1993,Signet Book,fiction
The Kingdom by the Sea: A Journey Around Great Britain,Paul Theroux,1984,Pocket Books,nonfiction
Shattered Uk,Dick Francis,0,Michael Joseph Ltd,philosophy
The Proud and the Free,Janet Dailey,1995,Warner Vision,history
Shoah,Claude Lanzmann,1985,Random House Inc,fiction
TERROR FIRMA,Matthew Thomas,2001,Trafalgar Square,nonfiction
Le Loup-garou,Boris Vian,1999,LGF,fiction
Chronique d'une mort annonc�?©e,Gabriel Garcia Marquez,1987,LGF,fiction
Le neveu d'Am�?©rique,Luis Sep�?ºlveda,1998,Seuil,fiction
Last Exit to Brooklyn,Hubert Selby,2000,Bloomsbury Pub Ltd,philosophy
More George W. Bushisms: More Verbal Contortions from America's 43rd President,Jacob Weisberg,2002,Simon &amp; Schuster (Trade Division),history
Therapy,David Lodge,1996,Penguin Putnam~trade,fiction
Scottish Ghosts,Judy Hamilton,1999,Lomond Books,science
Awful End (Eddie Dickens Trilogy S.),Philip Ardagh,2000,Faber Children's Books,philosophy
The Wasp Factory,Iain Banks,0,Abacus,fiction
George W. Bushisms : The Slate Book of The Accidental Wit and Wisdom of our 43rd President,Jacob Weisberg,2001,Fireside,economics
The World's Stupidest Laws,David Crombie,2000,Michael O'Mara Books,history
"Of Mice and Men (Steinbeck \Essentials\"")""",John Steinbeck,2001,Penguin Books Ltd,nonfiction
The World's Stupidest Signs,Michael O'Mara,2000,Michael O'Mara Books,nonfiction
Nessie: The Loch Ness Monster,Richard Brassey,2003,Trafalgar Square Books,nonfiction
How Not to Say What You Mean: A Dictionary of Euphemisms (Oxford Paperback Reference S.),R. W. Holder,2003,Oxford University Press,fiction
Cooking for One (Cook's Essentials),Valerie Ferguson,2000,Southwater Publishing,fiction
Les Fourmis,Bernard Werber,2002,LGF,history
How to Draw Celtic Knotwork: A Practical Handbook,Andy Sloss,0,Brockhampton Press,nonfiction
The Sorcerer's Companion: A Guide to the Magical World of Harry Potter,ALLAN ZOLA KRONZEK,2001,Broadway,philosophy
Celtic Myths and Legends,Charles L. Squire,2000,Lomond Books,fiction
Scottish Folk and Fairy Tales (Penguin Popular Classics),Gordon Jarvie,1997,Penguin Books Ltd,history
Terrible Times (Eddie Dickens Trilogy S.),Philip Ardagh,2002,Faber Children's Books,nonfiction
Cantilènes en gelée ; Barnum's digest ; Vingt poèmes inédits (10/18 [i.e. Dix/dix-huit] ; 517),Boris Vian,1978,Union générale d'éditions,fiction
Glasgow Zen,Alan Spence,2002,Canongate Books Ltd,fiction
Totally Muffins Cookbook (Totally Cookbooks),Helene Siegel,1995,Celestial Arts,philosophy
Tigger's Little Book of Diet and Exercise,E.H. Shepard,2002,Egmont Childrens Books,history
Eeyore's Little Book of Gloom,Alan Alexander Milne,1999,Routledge,fiction
The Adventures of Dougal,Eric Thompson,1998,Bloomsbury Publishing PLC,fiction
Amy and Isabelle,Elizabeth Strout,1999,Random House Inc,science
Me Talk Pretty One Day,David Sedaris,2001,Back Bay Books,data_science
Stone Butch Blues,Leslie Feinberg,1993,Firebrand Books,history
stardust,Neil Gaiman,2001,Perennial,science
Fires of Aggar,Chris Anne Wolfe,2001,Windstorm Creative,history
Kamikaze Lust,Lauren Sanders,2000,Akashic Books,comic
Gossamer Axe,Gael Baudino,1993,New Amer Library,comic
Witchfire,Lauren Maddison,2001,Alyson Books,comic
Seven Moves,Carol Anshaw,1997,Mariner Books,comic
Return to Isis,Jean Stewart,1992,Rising Tide Press (AZ),comic
Hood,Emma Donoghue,1998,Alyson Publications,science
Leaving Pipe Shop: Memories of Kin,Deborah McDowell,1998,W. W. Norton &amp; Company,comic
Love Ruins Everything: A Novel,Karen X. Tulchinsky,1998,Press Gang Publishers,comic
The Funhouse,Dean R. Koontz,1994,Berkley Publishing Group,comic
Cold Iron,Melisa Michaels,1997,Roc,comic
Circle of Three #12: Written in the Stars (Circle of Three),Isobel Bird,2001,Avon,comic
The Space Merchants,Frederik Pohl,1987,St Martins Pr,comic
DREAMSNAKE,VONDA MCINTYRE,1986,Dell,comic
Titan,John Varley,1980,Berkley Publishing Group,nonfiction
The Year They Burned the Books,Nancy Garden,1999,Farrar Straus Giroux,science
A Density of Souls,Christopher Rice,2001,Miramax,economics
Slow River,Nicola Griffith,1996,Ballantine Books,data_science
Changer,Jane Lindskold,1998,Eos,computer_science
Trixie Belden and the Mystery Off Glen Road (Mystery Off Glen Road),Julie Campbell,1977,Random House Childrens Books,computer_science
Lark in the Morning,Nancy Garden,1991,Farrar Straus &amp; Giroux,data_science
Saving Grace,LEE SMITH,1996,Ballantine Books,fiction
Lena (50 State Quarters),JACQUELINE WOODSON,2000,Laurel Leaf,nonfiction
I Hadn't Meant to Tell You This,Jacqueline Woodson,1995,Laurel-Leaf Books,data_science
Raise the Roof: The Inspiring Inside Story of the Tennessee Lady Vols' Undefeated 1997-98 Season,Pat Head Summitt,1998,Broadway Books,history
Hannibal,Thomas Harris,1999,Del Sol Press,history
About a Boy (Movie Tie-In),Nick Hornby,2002,Riverhead Books,history
Mostly Harmless,Douglas Adams,2000,Ballantine Books,history
The Thorn Birds (Modern Classics),Colleen McCullough,1998,Wings,history
Dreamcatcher,Stephen King,2001,Scribner,history
Sudden Mischief (Spenser Mysteries (Hardcover)),Robert B. Parker,1998,Putnam Pub Group,nonfiction
Elements of Programming With Perl,Andrew L. Johnson,1999,Manning Publications,fiction
To Catch a Cat,Marian Babson,2002,St. Martin's Minotaur,fiction
People of the Wolf (The First North Americans series,,,,fiction
The Door to December,Dean R. Koontz,2002,Signet Book,fiction
College Majors and Careers: A Resource Guide for Effective Life Planning (College Majors and Careers),Paul Phifer,1999,Ferguson Publishing Company,computer_science
Smilla's Sense of Snow,Peter Hoeg,1997,Island,computer_science
The Grass Is Always Greener over the Septic Tank,Erma Bombeck,1988,Fawcett Books,computer_science
Viaggi del tempo immobile (I coralli),Roberto Vecchioni,1996,Einaudi,data_science
Rumpole on Trial,John Mortimer,1992,Penguin USA,fiction
Billy Bathgate,E. L. Doctorow,1989,Random House,philosophy
Citizens: A Chronicle of the French Revolution,Simon Schama,1989,Random House Inc,philosophy
The Man Who Killed the Deer,Frank Waters,1970,Ohio University Press,philosophy
The Music of Dolphins (Apple Signature Edition),Karen Hesse,1998,Hyperion Books for Children,data_science
Sunwing (Aladdin Fantasy),Kenneth Oppel,2001,Aladdin,science
Caddie Woodlawn - Newbery Promo '99 (Aladdin Fiction),Carol Ryrie Brink,1999,Aladdin,mathematics
The Hork-Bajir Chronicles (Animorphs Series),K. A. Applegate,1998,Scholastic,science
The Silver Chair (full color) (Narnia),C. S. Lewis,2000,HarperTrophy,philosophy
A Time to Kill,JOHN GRISHAM,1992,Dell,philosophy
The Truth About Texas: Who Needs to Brag? We'Ve Got the Facts,Anne Dingus,1995,Gulf Publishing Company,philosophy
Awakening,Kate Chopin,1982,Avon,philosophy
Wall Street's Picks for 2000: An Insider's Guide to the Year's Best Stocks &amp; Mutual Funds (Wall Street's Picks),Kirk Kazanjian,1999,Dearborn Financial Publishing,nonfiction
Poetics of the New American Poetry,Donald Merriam Allen,1974,Grove Press,nonfiction
Patriot Games,Tom Clancy,1992,Berkley Publishing Group,history
Dead Men Do Tell Tales: The Strange and Fascinating Cases of a Forensic Anthropologist,William Maples,1995,Main Street Books,history
Moonlighting: 148 Great Ways to Make Money on the Side,Carl Hausman,1991,Harpercollins,nonfiction
Amanda Miranda,Richard Peck,1981,Harper Mass Market Paperbacks (Mm),fiction
Chasing the Dime,Michael Connelly,2003,Warner Books,fiction
Tender Triumph (Sonnet Books),Judith McNaught,1991,Pocket,fiction
The Cat Who Tailed a Thief,Lilian Jackson Braun,1998,Jove Books,fiction
Guilt,John T. Lescroart,1998,Island,fiction
On Secret Service,John Jakes,2001,Signet Book,philosophy
Charming Billy,Alice McDermott,1999,Delta,fiction
All the Days of My Life,Hilary Bailey,1986,Fawcett Books,fiction
The Dinner Party,Howard Fast,1991,Dell Publishing Company,fiction
A Palette for Murder: Murder She Wrote (Murder She Wrote (Paperback)),Jessica Fletcher,1996,Signet Book,fiction
Golden Cup,Belva Plain,1987,Dell,fiction
Murder at the Library of Congress (Capital Crimes (Paperback)),Margaret Truman,2001,Fawcett Books,comic
No Safe Place,RICHARD NORTH PATTERSON,1999,Ballantine Books,nonfiction
Thorns of Truth,Eileen Goudge,1999,Signet Book,mathematics
Granny Dan,DANIELLE STEEL,2000,Random House,signal_processing
Border Bride,Arnette Lamb,1993,Pocket,fiction
The Penwyth Curse,Catherine Coulter,2004,Jove Books,fiction
Xanth 15: The Color of Her Panties,Piers Anthony,1992,Eos,Genre
Der F�?¼rst der Finsternis. Roman.,Anne Rice,1992,Goldmann,signal_processing
A Reporter's Life,WALTER CRONKITE,1996,Knopf,data_science
Jacob Marley's Christmas Carol,Tom Mula,1995,Adams Media Corp,mathematics
Hound of the Baskervilles (Aladdin Classics),Sir Arthur Conan Doyle,2000,Aladdin,economics
SLEEPING MURDER,AGATHA CHRISTIE,1983,Bantam,history
The Fractal Murders (Pepper Keane Mysteries),Mark Cohen,2004,Mysterious Press,data_science
Final Stand,Helen Myers,2002,Mira,history
Christmas : A Holiday Treasury,Della Rowland,1994,Andrews McMeel Publishing,science
Magic House of Numbers.,Irving. Adler,1974,Harpercollins Library,signal_processing
Lord of the Silent: A Novel of Suspense,Elizabeth Peters,2002,Avon,psychology
Whisper to Me of Love,Shirlee Busbee,1991,Harper Mass Market Paperbacks,data_science
Wuthering Heights,EMILY BRONTE,1983,Bantam,fiction
The Stars Shine Down,Sidney Sheldon,1993,Warner Books,mathematics
Toxin,Robin Cook,1999,Berkley Publishing Group,computer_science
This Present Darkness,Frank E. Peretti,1999,Sagebrush Bound,history
The Mothman Prophecies,John A. Keel,2002,Tor Books,fiction
Meet the Stars of Buffy the Vampire Slayer,Stefanie Scott,1998,Scholastic,data_science
Rush to the Altar  (Twin Brides),Rebecca Winters,2003,Harlequin,data_science
All-American Girl,Meg Cabot,2003,HarperTrophy,fiction
The Silver Metal Lover,Tanith Lee,1999,Spectra Books,science
A Christmas Story,Richard Burton,1991,W W Norton &amp; Co Inc,computer_science
Dark Paradise,TAMI HOAG,1994,Bantam,mathematics
Middlesex: A Novel,Jeffrey Eugenides,2003,Picador,data_science
Somebody Help Me,Beverly Hastings,1993,Berkley Publishing Group,data_science
Other worlds: The comical history of the states and empires of the moon and sun (Science fiction master series),Cyrano de Bergerac,1976,New English Library,data_science
Introduction to Fire Prevention (5th Edition),James C. Robertson,2000,Pearson Education,computer_science
To Catch A Sheik  (Desert Brides),Teresa Southwick,2003,Silhouette,nonfiction
The Awakening and Selected Stories of Kate Chopin (Signet Classic),Kate Chopin,1995,Signet Book,fiction
Ordinary People,Judith Guest,1993,Penguin Books,fiction
The Rainmaker,JOHN GRISHAM,1996,Dell,fiction
Sleeping Partners  (Nine to Five),Helen Brooks,2003,Harlequin,economics
The Real Mother Goose,Blanche Fisher Wright,1994,Scholastic,fiction
Toxin,Robin Cook,1998,Putnam Pub Group,nonfiction
Heathcliff Gone Fishing,George Gately,1985,Diamond Books (NY),science
The Bad Place,Dean R. Koontz,1994,Berkley Publishing Group,science
Two for Texas,James Lee Burke,2000,Hyperion,fiction
The Amazing Adventures of Kavalier &amp; Clay,Michael Chabon,2001,Picador,fiction
Greygallows,Barbara Michaels,1993,Berkley Publishing Group,fiction
Into the Darkness,Barbara Michaels,1996,Berkley Publishing Group,nonfiction
Someone in the House,Barbara Michaels,1989,Berkley Publishing Group,philosophy
The Phantom Tollbooth,Norton Juster,1993,Yearling Books,fiction
Dances With Wolves,Michael Blake,1990,Fawcett Books,nonfiction
The House With a Clock in Its Walls,John Bellairs,1993,Puffin Books,fiction
Hoot (Newbery Honor Book),CARL HIAASEN,2002,Knopf Books for Young Readers,economics
Catnap : A Midnight Louie Mystery (A Midnight Louie Mystery),Carole Nelson Douglas,1993,Forge Books,science
The Princess Bride: S Morgenstern's Classic Tale of True Love and High Adventure,WILLIAM GOLDMAN,1987,Del Rey,philosophy
A Dangerous Place: California's Unsettling Fate (Images of America),Marc Reisner,2003,Pantheon Books,fiction
Black Hawk Down: A Story of Modern War,Mark Bowden,1999,Atlantic Monthly Press,fiction
The Burberry Style,Jonathan Pearce,2002,Infinity Publishing.com,nonfiction
Heavier Than Air (Balona Books),Jonathan Pearce,2001,Infinity Publishing.com,fiction
A Little Honesty: Trials and Triumphs of a Prince of Balona,Jonathan Pearce,2001,1stBooks Library,fiction
The Balona Klongs,Jonathan Pearce,1999,Buy Books on the web.com,fiction
Sang Froyd (Balona Books),Jonathan Pearce,1999,1stBooks Library,fiction
The Chocolate Korndog,Jonathan Pearce,2002,Infinity Publishing (PA),nonfiction
One Brick Shy,Jonathan Pearce,2000,Infinity Publishing (PA),nonfiction
Spring Break,Jonathan Pearce,2000,Infinity Publishing (PA),data_science
Focusing the Private Eye,Jonathan Pearce,2000,Infinity Publishing (PA),economics
A Cuisine of Leftovers,Jonathan Pearce,2000,Infinity Publishing (PA),economics
Finding Dad,Jonathan Pearce,1999,Infinity Publishing (PA),data_science
Natural Causes,Michael Palmer,1995,Bantam Books,computer_science
Degree of Guilt,Richard North Patterson,1995,Ballantine Books,data_science
Wuthering Heights (Penguin Popular Classics),Emily Bronte,1994,Penguin Books Ltd,computer_science
Emma (Penguin Popular Classics),Jane Austen,1994,Penguin Books Ltd,computer_science
The Art of Travel,Alain de Botton,2002,Pantheon,fiction
SO LONG AND THANKS FOR ALL THE FISH (Hitchhiker's Trilogy (Paperback)),Douglas Adams,1991,Pocket,fiction
Fight Club,Chuck Palahniuk,1999,Owl Books,fiction
Wuthering Heights,Emily Bronte,1983,Bantam,nonfiction
SHIPPING NEWS,Annie Proulx,1994,Scribner,fiction
The Frog King: A Love Story,Adam Davies,2002,Riverhead Books,nonfiction
Outhouses of Alaska,Harry M. Walker,1996,Epicenter Press,fiction
The Smoke Jumper,Nicholas Evans,2001,Delacorte Press,history
The Unbearable Lightness of Being,Milan Kundera,1988,Harpercollins,fiction
A Spell for Chameleon (Xanth Novels (Paperback)),Piers Anthony,1987,Del Rey Books,history
Anne of Green Gables (Anne of Green Gables Novels (Paperback)),L.M. MONTGOMERY,1982,Bantam Classics,nonfiction
Cloud Atlas : A Novel,DAVID MITCHELL,2004,Random House Trade Paperbacks,history
Everything Is Illuminated : A Novel,Jonathan Safran Foer,2003,Perennial,economics
Post Office,Charles Bukowski,1980,Black Sparrow Books,nonfiction
On the Road (Essential.penguin S.),Jack Kerouac,1998,Penguin Books Ltd,nonfiction
Hard-Boiled Wonderland and the End of the World: A Novel (Vintage International),Haruki Murakami,1993,Vintage Books USA,nonfiction
Norwegian Wood (Vintage International Original),Haruki Murakami,2000,Vintage Books USA,fiction
A Little Princess,Frances Hodgson  Burnett,1996,Pages Publishing Group,nonfiction
Talking to Dragons (Enchanted Forest Chronicles (Paperback)),Patricia C. Wrede,1995,Point Fantasy,nonfiction
The Call of the Wild: And Selected Stories (Signet Classics (Paperback)),Jack London,1998,Signet Classics,history
A Life God Rewards for Teens (The Breakthrough Series),Bruce Wilkinson,2002,Multnomah,history
Calling on Dragons (Read with Me Paperbacks),Patricia C. Wrede,1994,Point Fantasy,fiction
A Temporary New Wife,Malcolm Goodway,2004,AuthorsOmniscient Publishers,history
Fall On Your Knees (Oprah #45),Ann-Marie MacDonald,2002,Touchstone,fiction
Reap the Wind,Iris Johansen,2002,Bantam Books,history
The Survivors Club,LISA GARDNER,2003,Bantam,fiction
Sins of Omission,FERN MICHAELS,1989,Ivy Books,philosophy
White Lies,Linda Howard,1997,Mira,philosophy
Random Winds,Belva Plain,1987,Dell,nonfiction
The Carousel,Belva Plain,1998,Dell,fiction
While I Was Gone,Sue Miller,1999,Ballantine Books,science
Grass,Sheri S. Tepper,1990,Spectra Books,economics
One Fish Two Fish Red Fish Blue Fish (I Can Read It All by Myself Beginner Books),DR SEUSS,1960,Random House Books for Young Readers,science
This Boy's Life: A Memoir,Tobias Wolff,1989,Perennial,fiction
Zlateh the Goat and Other Stories,Isaac Bashevis Singer,1984,HarperCollins Publishers,fiction
Winter's Tale,Mark Helprin,1995,Harvest Books,economics
The Dancing Wu Li Masters: An Overview of the New Physics,Gary Zukav,1994,Bantam Books,fiction
The World According to Garp (Ballantine Reader's Circle),John Irving,1997,Ballantine Books,nonfiction
Farewell To Arms,Ernest Hemingway,1995,Scribner,philosophy
Collected Works of Emile Zola,Emile Zola,2001,Chatto &amp; Windus,history
Plato Complete Works,Plato,1997,Hackett Publishing Company,fiction
Breaking Clean,JUDY BLUNT,2002,Knopf,nonfiction
Felicia's Journey,William Trevor,1996,Penguin Books,fiction
Possessing the Secret of Joy,Alice Walker,1993,Pocket,fiction
History of Croatia,Stephen Gazi,2001,Barnes Noble Books,fiction
Angle of Repose (Contemporary American Fiction),Wallace Stegner,1992,Penguin Books,philosophy
White Noise (Contemporary American Fiction),Don DeLillo,1991,Penguin Books,history
Invisible Man,Ralph Ellison,1995,Vintage Books USA,fiction
Of Love and Shadows,Isabel Allende,1988,Bantam Books,science
The House of the Spirits,Isabel Allende,1986,Bantam Books,philosophy
Where the Sidewalk Ends : Poems and Drawings,Shel Silverstein,1974,HarperCollins,fiction
Interpreter of Maladies,Jhumpa Lahiri,1999,Houghton Mifflin Co,economics
Glorious Country: Food Crafts Decorating,Liz Trigg,1995,Natl Book Network,history
Loving,Charles Sullivan,1992,Harry N Abrams,nonfiction
Divine Secrets of the Ya-Ya Sisterhood: A Novel,Rebecca Wells,1997,Perennial,nonfiction
She's Come Undone (Oprah's Book Club (Paperback)),Wally Lamb,1996,Washington Square Press,nonfiction
JITTERBUG PERFUME,TOM ROBBINS,1985,Bantam,fiction
STONES FROM THE RIVER,Ursula Hegi,1997,Simon &amp; Schuster,fiction
Clarissa (abridged),Samuel Richardson,1962,Houghton Mifflin Company,history
Italian Fever: A Novel,Valerie Martin,2000,Vintage Books USA,nonfiction
One Hundred Years of Solitude,Gabriel Garcia Marquez,1970,Avon Books,philosophy
The Illustrated Encyclopedia of Buddhist Wisdom,Gill Farrer-Halls,2000,Quest Books,fiction
Common Phrases: And Where They Come From,John Mordock,2001,The Lyons Press,history
Dragonfly in Amber,DIANA GABALDON,1993,Dell,nonfiction
Naked,David Sedaris,1998,Back Bay Books,fiction
White Teeth,Zadie Smith,2000,Random House,fiction
Writing Down the Bones,NATALIE GOLDBERG,1986,Shambhala,philosophy
The Witching Hour (Lives of the Mayfair Witches),ANNE RICE,1993,Ballantine Books,history
Jack &amp; Jill (Alex Cross Novels),James Patterson,1997,Warner Books,fiction
Vittorio the Vampire: New Tales of the Vampires,Anne Rice,2001,Ballantine Books,fiction
The House on Mango Street (Vintage Contemporaries),SANDRA CISNEROS,1991,Vintage,science
My Life in Dog Years,Gary Paulsen,1999,Yearling Books,data_science
Black Gold,Marguerite Henry,1992,Aladdin,history
Red Unicorn (Tor Fantasy),Tanith Lee,1998,Tor Books,science
The Silent Storm: Scholastic Edition,Sherry Garland,1996,Harcourt,history
Helden wie wir.,Thomas Brussig,1998,Fischer (Tb.),comic
Schamanismus. Reisen der Seele. Magische Kr�?¤fte. Ekstase und Heilung.,Piers Vitebsky,2001,Taschen Verlag,comic
Entdecke den Schamanen in dir. Reise in die innere Welt des Alltags.,Christopher Weidner,2003,Droemersche Verlagsanstalt Th. Knaur Nachf.,comic
Das Meer und kleine Fische.,Terry Pratchett,2000,Heyne,comic
Sofies Welt. Roman �?¼ber die Geschichte der Philosophie.,Jostein Gaarder,1999,Dtv,comic
The Book of Lost Tales 2 (The History of Middle-Earth - Volume 2),J.R.R. TOLKIEN,1992,Del Rey,science
Waking Up Screaming: Haunting Tales of Terror,H. P. Lovecraft,2003,Del Rey Books,comic
Dharma Bums,Jack Kerouac,1991,Penguin Books,comic
Illearth War / Thomas Covenant #02 (Chronicles of Thomas Covenant the Unbeliever),Stephen Donaldson,1978,Ballantine Books,comic
Highland Fling,Amanda Scott,1995,Pinnacle Books,comic
Highland Fling,Amanda Scott,1995,Pinnacle Books,comic
Neverwhere,Neil Gaiman,1998,Avon,comic
French Lieutenant Woman,John Fowles,1981,Penguin Putnam~mass,nonfiction
The Thorn Birds,Colleen McCullough,1978,Avon,science
On Her Own Ground : The Life and Times of Madam C.J. Walker,A'Lelia Bundles,2001,Scribner,economics
tylers-book,tyler-tobin,2018,tysco,science
